category,n,median,mean,iqr,skewness,cv,normality_p,log_normal_p
HV-HF: Core Market Making / Liquidity Provision,88683,1032.53422848,5960.125002244385,2151.9950620238537,77.52935583657226,18.991649947681005,6.389566244039666e-92,7.506824492164812e-60
HV-LF: Blocks / Rebalances / RFQs,4501,1333.2651209299695,13314.28981891901,2675.76700926261,9.057655828308926,3.836845063463803,2.8275191693550986e-86,2.4659482417202003e-64
LV-HF: Microstructure / Small-Ticket MM,340084,108.9637405,3666.9443613133944,749.1009162500001,88.53326569983166,25.31882017522896,2.947205402611176e-95,3.367581742904108e-56
LV-LF: Opportunistic / Long Tail / Client-Driven,3687,147.05382586882337,4381.751270676899,363.06507508721114,52.17409976803053,14.49016236607031,4.4439401468075065e-87,2.4380332563338525e-56
